product_name,seller,price,rating,shipping,link
Arzum Ar5023 Lisa 19 Mm Seramik Saç Maşası,hesaplimagaza,818.82,4.7,Tahmini Kargoya Teslim: ,https://www.trendyol.com/arzum/ar5023-lisa-19-mm-seramik-sac-masasi-p-145863?boutiqueId=61&merchantId=106730
Arzum Ar5023 Lisa 19 Mm Seramik Saç Maşası,hesaplimagaza,889.0,4.7,Tahmini Kargoya Teslim: 3 gün içinde,https://www.trendyol.com/arzum/ar5023-lisa-19-mm-seramik-sac-masasi-p-145863?boutiqueId=61&merchantId=112264
Arzum Ar5023 Lisa 19 Mm Seramik Saç Maşası,hesaplimagaza,999.9,4.7,Tahmini Kargoya Teslim: ,https://www.trendyol.com/arzum/ar5023-lisa-19-mm-seramik-sac-masasi-p-145863?boutiqueId=61&merchantId=750
Arzum Ar5023 Lisa 19 Mm Seramik Saç Maşası,hesaplimagaza,999.0,4.7,Tahmini Kargoya Teslim: ,https://www.trendyol.com/arzum/ar5023-lisa-19-mm-seramik-sac-masasi-p-145863?boutiqueId=61&merchantId=624588
Arzum Ar5023 Lisa 19 Mm Seramik Saç Maşası,hesaplimagaza,1199.0,4.7,Tahmini Kargoya Teslim: 3 gün içinde,https://www.trendyol.com/arzum/ar5023-lisa-19-mm-seramik-sac-masasi-p-145863?boutiqueId=61&merchantId=397783
Arzum Ar5023 Lisa 19 Mm Seramik Saç Maşası,hesaplimagaza,1290.93,4.7,Tahmini Kargoya Teslim: 3 gün içinde,https://www.trendyol.com/arzum/ar5023-lisa-19-mm-seramik-sac-masasi-p-145863?boutiqueId=61&merchantId=109131
Arzum Ar5023 Lisa 19 Mm Seramik Saç Maşası,hesaplimagaza,1299.0,4.7,Tahmini Kargoya Teslim: ,https://www.trendyol.com/arzum/ar5023-lisa-19-mm-seramik-sac-masasi-p-145863?boutiqueId=61&merchantId=106481
Arzum Ar5023 Lisa 19 Mm Seramik Saç Maşası,hesaplimagaza,1346.94,4.7,Tahmini Kargoya Teslim: 3 gün içinde,https://www.trendyol.com/arzum/ar5023-lisa-19-mm-seramik-sac-masasi-p-145863?boutiqueId=61&merchantId=546520
Arzum Ar5023 Lisa 19 Mm Seramik Saç Maşası,hesaplimagaza,1399.0,4.7,Tahmini Kargoya Teslim: 3 gün içinde,https://www.trendyol.com/arzum/ar5023-lisa-19-mm-seramik-sac-masasi-p-145863?boutiqueId=61&merchantId=175661
